twitch,twitter,type,domain
blondiewondie,blondiewondie1,gamer,
daithidenogla,,gamer,
morberplz,morberplz,gamer,
g5taz,g5taz,gamer,
thegamingterroriser,TTerroriser,gamer,
fantabobshow,,gamer,
ailahdiyenriven,lvntblm91,gamer,
aces_tv,aceswot,gamer,aces.gg
mojang,,gamer,
coopgameplays,,gamer,
hastad,vayneismymainbr,gamer,
esl_lol_br,eslbrasil,gamer,play.eslgaming.com
netotigr,netotigr,gamer,
patopapao,,gamer,
godazed,,gamer,
benoitdx9,,gamer,
sadaplays,sadaplays,gamer,
lifecoach1981,,gamer,
movin997,,gamer,
xargon0731,,gamer,
underground_dv,,gamer,
germanletsplay,,gamer,
w33haa,,gamer,
handiofiblood,HandIOfIBlood,gamer,
taketv,taketv,gamer,TaKeTV.net
dpnaru,DP_Naru,gamer,
lufflee,,gamer,
itsmacau,ItsMacau,gamer,
toyzlolz,,gamer,
straymav,,gamer,
warcraft,warcraft,gamer,worldofwarcraft.com
blizzheroes,BlizzHeroes,gamer,heroesofthestorm.com
inetkoxtv,,gamer,
earliboy,,gamer,
juicetra,Juicetra,gamer,
scspple7545,,gamer,
leahloveschief,,gamer,
huskymudkipz,HuskyMUDKIPZ,gamer,
jewelxo,,gamer,
dreamleague,,gamer,
mrsviolence,,gamer,
missharvey,missharvey,gamer,
herrbergmann,BergmannToGo,gamer,
allshamnowow,AllShamNoWow,gamer,
tmartn,,gamer,
tobocotv,,gamer,
crream,,gamer,
IOBAGGLive,,gamer,
uknighted,,gamer,
magic,,gamer,
kylelandrypiano,,gamer,
lanceypooh,LanceypoohTV,gamer,
rabbitbong,rabbitbong,gamer,
kiwion,Kiwion,gamer,
runescape,,gamer,
snutzy,kelvinsnutz,gamer,
omgezniki,,gamer,
thehaleybaby,thehaleybaby,gamer,
troydangaming,,gamer,
foxdrop,Foxdroplol,gamer,
shaffer2369,shaffeRgaming,gamer,
kosdff,KOSDFF,gamer,
esl_lol_brasil,,gamer,
libertygamingo,,gamer,
parasitetv,ParasiteCoD,gamer,
takeshilol,Murilotksh,gamer,
herdyn,herdynworld,gamer,
jnasty720,JNasty720,gamer,
imav3riq,,gamer,
blusewilly,,gamer,
officialxizt,,gamer,
quill18,,gamer,
brunecia,brunecia,gamer,
jkap415,DenialJKap,gamer,jkap-apparel.com
nickmercs,talentzthegreat,gamer,
gemieee,Gemmdrop,gamer,
Queenbear,,gamer,
yaraskygaming,,gamer,
camgears,,gamer,
crumbzz,,gamer,
avalonsa,oOKoukuOo,gamer,
lololoshka,,gamer,
missmiarose,,gamer,
pinworms666,Pinworms666,gamer,
thatonetomahawk,,gamer,
opticmidnite,,gamer,
hazretiyasuo,,gamer,
locodoco,,gamer,
lootcrate,lootcrate,gamer,lootcrate.com
crendor,wowcrendor,gamer,
wtf_winds123,,gamer,
duxativa,duxativa,gamer,
shiphtur,shiphtur,gamer,
shadowbeatz,,gamer,
izzi,izziofficial,gamer,
incarnati0n,incarnati0nLoL,gamer,
playcevo,,gamer,
disstream,,gamer,
aydren,Aydren,gamer,
sovindictive,vindictive_tk,gamer,
chu8,chustreaming,gamer,
femsteph,,gamer,
rajjpatel,rajjofficial,gamer,
immortalhd,ImmortalHD,gamer,
zwebackhd,ZwebackHD,gamer,
gamegrumps,,gamer,
firedragon764,firedragon764,gamer,
emilyispro,EmilyIsPro,gamer,
esl_sc2,esl,gamer,eslgaming.com
lindsayelyse,,gamer,
huahwi,huahwi,gamer,
Adam_ak,AdamKuczynski,gamer,
brotatoe,twitchbrotatoe,gamer,
manballs,C9Balls,gamer,
sheevergaming,sheevergaming,gamer,sheevergaming.com
chick6,IVIAZING,gamer,RelapsedClan.com
crumps2,crumps2,gamer,
koalibears,koalibears,gamer,
sxyhxy,sxyhxy,gamer,
samzorz,,gamer,
opsct,OPscT,gamer,
ohmwrecker,ohmwrecker,gamer,
s4,,gamer,
spectatefaker,,gamer,
chesterccj,,gamer,
esl_greatfrag,greatfrag,gamer,greatfrag.com
LachuHQ,,gamer,
peeve,peeverson,gamer,
gamespot,,gamer,
dedreviil2,dedreviil,gamer,
syndrome208,,gamer,
adrive,aDrive_tK,gamer,
skillspecs,ShaanOSRS,gamer,sgfx.carbonmade.com
gsstudio_csgo,,gamer,
fazekay,FaZeKay,gamer,
starladder_cs_en,cssltv,gamer,csgo.starladder.tv
fl0m,fl0mtv,gamer,
shaclone,Shaclone,gamer,
annie72127,,gamer,
sidecarangel,sidecarangel,gamer,
axtlol,axtlol,gamer,
gorgntv,goRGNtv,gamer,goRGN.tv
kristiplays,Kristi_Thinks,gamer,
barcodestreams,staticxera#,gamer,
ieliteshot,,gamer,
acoust1c_,acoust1c_,gamer,acoust1c.tv
dragon,,gamer,
emilyangel,,gamer,
thed20,DeluxeTwenty,gamer,
littlebearrr,,gamer,
maknoonlol,LoLMakNooN,gamer,
jena_urf_lord_legacy,Jena_Urf_Lord,gamer,
chiefpat,chiefpat,gamer,
officialmgh,officialmgh,gamer,shop.officialmgh.com
wow,,gamer,
xchocobars,,gamer,
yotobi,yotobi,gamer,
twosync,twosyncofficial,gamer,
lainkk,WankilStudio,gamer,wankil.fr
misswater,,gamer,
dollshin0324,,gamer,
scglive,scglive,gamer,scglive.com
brandon505,OroboroTheNinja,gamer,
xakoh,,gamer,
gafallen,LG_Fallen,gamer,gamesacademy.com.br
mew2king,mvg_mew2king,gamer,
mang0,C9Mang0,gamer,
mogis2007,,gamer,
espeonbot,espeonnn,gamer,
s4gam3r,SAGAM3R,gamer,
scarletr0se,Scarletr0seTTV,gamer,
z0mgitshutch,,gamer,
xaryulol,LG_xaryu,gamer,
trionworlds,,gamer,
zombie_barricades,zb_tv,gamer,
maudado,maudado,gamer,
girlstorule,,gamer,
minideer,CSGOFast_com,gamer,csgofast.com
2k,,gamer,
jinxfaze,,gamer,
kindafunnygames,,gamer,
ihascupquake,,gamer,
harleyplays,HarleyPlays,gamer,
franplayshalo,,gamer,
Moondye7,Moondye7,gamer,
alkaizerx,,gamer,
Keralis,WorldofKeralis,gamer,
gsl,,gamer,
shoxiejesuss,shoxCSGO,gamer,fb.com
moldran,moldranTV,gamer,
kelly_jean,kellyjeaaann,gamer,
ilovecookiiezz,,gamer,
rockalone,,gamer,
gnumme,,gamer,
zrozilacx,xcaliz0rz,gamer,
shadowila,,gamer,
gameroneil,GamerOneil,gamer,
dat_saintsfan,Dat_Saintsfan,gamer,
ratsmah,,gamer,
champwan,RyleyWan,gamer,
knekro_revenant,,gamer,
tryhard_clan,TheTryhardClan,gamer,
allub,,gamer,
creative7play,,gamer,
sissorstream,Sissorstream,gamer,
pakratt0013,,gamer,
butterflyouo,,gamer,
echoics,,gamer,
adamsonshow,,gamer,
vanoss_,,gamer,
eligorko,,gamer,
therussianbadger,DARUSSIANBADGER,gamer,
guildwars2,GuildWars2,gamer,guildwars2.com
blizzard,,gamer,
pandafxfx,,gamer,
jaxendaleproductions,,gamer,
Utorak007,Utorak007,gamer,
paingamingbr,,gamer,
Lpmitkev_nonstop,LPmitKev,gamer,
stormstudio_dota2_ru,stormstudiotv,gamer,stormstudio.tv
exu_kefir,,gamer,
paperbat,,gamer,
eddieruckus,eddieruckus,gamer,
tsmtournaments,,gamer,
levelcap,,gamer,
hdefkim,,gamer,
puhdado,puhdado,gamer,
zexyzek,,gamer,
legiqn,,gamer,
sononoldschool,Sononoldschool,gamer,
codrinbradeasatana,,gamer,
natosaphix2k14,,gamer,
robbaz,,gamer,
enmasseentertainment,,gamer,
yukaslegion2,Yukaslegion1,gamer,
gamewiseoficial,,gamer,
draskyl,,gamer,
calebhart42,calebhart42,gamer,
jadejolie,JadeJoliex,gamer,
mlgcod,,gamer,
tehdiamondz,tehDiamondz,gamer,
gbay99,gbay99,gamer,
goldenblackhawk,,gamer,
thekedoszone,TheKedosZone,gamer,
icegiantninetynine,natesdailies,gamer,instagram.com
dotacinema,SUNSfanTV,gamer,digitalchaos.gg
soazed,,gamer,
korvetru,,gamer,
pedguin,Pedguin,gamer,
celeste56,Celest565,gamer,
desirawr,desiraelazar,gamer,
sumaildoto,,gamer,
applejacked,applejackedtv,gamer,
formlesstv,formlesstv,gamer,
bigdaddy,,gamer,
ms_yuyu,,gamer,
rurikar22,,gamer,
redbullesports,redbullESPORTS,gamer,redbull.com
adekvat,,gamer,
incontroltv,EGiNcontroL,gamer,
happasc2,,gamer,
julia_tv,,gamer,
miramisu,themiramisu,gamer,
kiwikid,dkiwikid,gamer,
doctorbenx,doctorbenx,gamer,
stray228,,gamer,
circon,SirCircon,gamer,
saitainlol,,gamer,
sl1pg8r,sl1pg8r,gamer,
rhinocrunch,rhinoCRUNCH,gamer,
ms5000watts,Mrs5oooWatts,gamer,
frigiel,,gamer,
ppd,ppdDota,gamer,
smoothmcgroove,SmoothMcGroove,gamer,
lassiz,eGrLassiz,gamer,
tsm_amazing,,gamer,
screwattack,,gamer,
luxxbunny,luxxbunny,gamer,
petritlp,PetritLP,gamer,
thatmumbojumbo,,gamer,
vanguardstv,LG_vanguardstv,gamer,
bisnap,,gamer,
link,clg_link,gamer,
bonniedoll,Bonniedollz,gamer,
fakerslivestream,,gamer,
seraph,,gamer,
rambo,,gamer,
kqly,,gamer,
hurderofbuffalo,mrgeorgebenson,gamer,hobclothing.com
abdoutoobeasty,,gamer,
hatfilms,hat_films,gamer,
blem,itsBlem,gamer,
zigueira,canalzigueira,gamer,
sc2proleague,,gamer,
elrichmc,ElRichMC,gamer,
ireliacarriesu,IreliaCarriesU,gamer,
legendsbrtv,legendsbrcom,gamer,legendsbr.com
keanelol,GVKeane,gamer,
luclinFTW,,gamer,
fatmamma,FatMammaTweets,gamer,
lolnatsumiii,,gamer,
albislol,,gamer,
chrisop999,,gamer,
suushisam,SuushiSam,gamer,
synderen,syndereNDota,gamer,
paydayteamevil,,gamer,
kimcastle,,gamer,
ridgedog,,gamer,
yamimash,,gamer,
merk,merk_nv,gamer,
thegdstudio,TheGDStudio,gamer,
idrajit,idra,gamer,
wgleagueru,,gamer,
stodeh,,gamer,
godhunt,,gamer,
emjanee,emjaneeTV,gamer,
edwardlol,EdwardCarryLoL,gamer,
mpkbk,MPKBK_FMR,gamer,formotherrussia.com
AGONY,Agony,gamer,
chris_smoove,,gamer,
4gamers_01,,gamer,
kittyhouseknife,,gamer,
messiah_tr,Messiah2627,gamer,
minecraftexpertde,,gamer,
theokolesm,Theokoleslol,gamer,
c_c,,gamer,
hansolgaming,LG_Hansol,gamer,
h1z1,,gamer,
jtmoney357,jtmoney357,gamer,
gwidt,gwidt,gamer,
mojoonpc,MojoOnPC,gamer,
asiaamore,_asia_amore,gamer,
bbypandaface,,gamer,
esl_stormstudio_csgo_ru,stormstudiotv,gamer,stormstudio.tv
baze,tvbaze,gamer,baze.tv
luke4316live,,gamer,
bragoontv,Bragoon11,gamer,
illidanstrdoto,,gamer,
hsdogdog,Liquid_hsdog,gamer,
Anakiinntv,,gamer,
Zai,zai_2002,gamer,
Royalphunk,,gamer,
katgunn,MystikGunn,gamer,
asankos,,gamer,
solocustomzombies,,gamer,
unlostv,,gamer,
hornisse86,hornisse5586,gamer,
siphano,,gamer,
hero,HEROonYoutube,gamer,
joblessgamers,JoblessGarrett,gamer,
esl_dota2,esl,gamer,eslgaming.com
eswc,esworldcup,gamer,eswc.com
Teachboombeach,teachboombeach,gamer,nickatnyte.com
mistafaker,MistaFaker,gamer,
stegobert,byStegi,gamer,
rguardian,,gamer,
mindcracknetwork,,gamer,
kennys,titan_kennys,gamer,
jdabrowsky,,gamer,
dota2ruhub,Dota2RuHub,gamer,vk.com
fabiantje,,gamer,
hearthstonefr,,gamer,
Lotsofbunnies,,gamer,
followkudes,,gamer,
markeloff_csgo,,gamer,
artemis,,gamer,
demuslim,,gamer,
pax,,gamer,
jontronshow,,gamer,
ubisoft,,gamer,
alfalta90gaming,,gamer,
TheBlackHokage,,gamer,
bigbangs06,bigbangs06HD,gamer,
chaoschunk,chaoschunk,gamer,chaoschunk.com
morninafterkill,,gamer,
is_my_str_0,ShaanOSRS,gamer,sgfx.carbonmade.com
sco,Methodsco,gamer,methodwow.com
gamingwithmolt,molt_CoC,gamer,
crimsix,,gamer,
mrmaikap,,gamer,
feardarkness,FearDotA,gamer,
DoktorFroid,,gamer,
quaslol,twitch,gamer,
criken,CrikMaster,gamer,
melisababy,MelisaBaby2,gamer,
thefluffiestbunny,fluffiest_bunny,gamer,
babybaby1111,,gamer,
mitaliang,,gamer,
stresslevelzero,stresslevelzero,gamer,stresslevelzero.com
evil_mickey,,gamer,
mr_mammal,,gamer,
painsirt,SirThulio,gamer,
dmbrandon,juiceDiem,gamer,
pyrionflax,PyrionFlax,gamer,
darkness_429,intent,gamer,
zfg1,zfg111,gamer,
lvpes,,gamer,
aplatypuss,maxtheplatypus,gamer,
iateyourpie,Iateyourp1e,gamer,streambig.net
mmorpgrs,MmorpgCP,gamer,
khaldor,Khaldor,gamer,
esltv_sc2,,gamer,
acoolbek,,gamer,
nyjacky,liquidnyjacky,gamer,
mrblack0ut81,MrBlack0ut,gamer,
nookyyy,,gamer,
st3pnytv,,gamer,
sitr0x,,gamer,
dotademon,DotaDeMoN,gamer,instagram.com
liquidtlo,teamliquidpro,gamer,teamliquidpro.com
renegademaria,,gamer,
ziqoftw,ziqoftw,gamer,
doomclanlive,Prince_eLv,gamer,
craftingpat,CraftingPat,gamer,
auslove,auslovetwitch,gamer,auslove.tv